mgs_id,mgs_index
msp_0001,0
msp_0002,1
msp_0003,2
msp_0004,3
msp_0005,4
msp_0006,5
msp_0007,6
msp_0008,7
msp_0009,8
msp_0010,9
msp_0011,10
msp_0012,11
msp_0013,12
msp_0014,13
msp_0015,14
msp_0016,15
msp_0017,16
msp_0018,17
msp_0019,18
msp_0020,19
msp_0021,20
msp_0022,21
msp_0023,22
msp_0024,23
msp_0025,24
msp_0026,25
msp_0027,26
msp_0028,27
msp_0029,28
msp_0030,29
msp_0031,30
msp_0032,31
msp_0033,32
msp_0034,33
msp_0035,34
msp_0036,35
msp_0037,36
msp_0038,37
msp_0039,38
msp_0040,39
msp_0041,40
msp_0042,41
msp_0043,42
msp_0044,43
msp_0045,44
msp_0046,45
msp_0047,46
msp_0048,47
msp_0049,48
msp_0050,49
msp_0051,50
msp_0052,51
msp_0053,52
msp_0054,53
msp_0055,54
msp_0056,55
msp_0057,56
msp_0058,57
msp_0059,58
msp_0060,59
msp_0061,60
msp_0062,61
msp_0063,62
msp_0064,63
msp_0065,64
msp_0066,65
msp_0067,66
msp_0068,67
msp_0069,68
msp_0070,69
msp_0071,70
msp_0072,71
msp_0073,72
msp_0074,73
msp_0075,74
msp_0076,75
msp_0077,76
msp_0078,77
msp_0079,78
msp_0080,79
msp_0081,80
msp_0082c,81
msp_0083,82
msp_0084,83
msp_0085,84
msp_0086,85
msp_0087,86
msp_0088,87
msp_0089,88
msp_0090,89
msp_0091,90
msp_0092,91
msp_0093,92
msp_0094,93
msp_0095,94
msp_0096,95
msp_0097,96
msp_0098,97
msp_0099,98
msp_0100,99
msp_0101,100
msp_0102,101
msp_0103,102
msp_0104,103
msp_0105,104
msp_0106,105
msp_0107,106
msp_0108,107
msp_0109,108
msp_0110,109
msp_0111,110
msp_0112,111
msp_0113,112
msp_0114,113
msp_0115c,114
msp_0116,115
msp_0117,116
msp_0118,117
msp_0119,118
msp_0120,119
msp_0121,120
msp_0122,121
msp_0123,122
msp_0124,123
msp_0125,124
msp_0126,125
msp_0127,126
msp_0128,127
msp_0129,128
msp_0130,129
msp_0131,130
msp_0132,131
msp_0133,132
msp_0134,133
msp_0135,134
msp_0136,135
msp_0137,136
msp_0138,137
msp_0139,138
msp_0140,139
msp_0141,140
msp_0142,141
msp_0143,142
msp_0144,143
msp_0145,144
msp_0146c,145
msp_0147,146
msp_0148c,147
msp_0149,148
msp_0150c,149
msp_0151,150
msp_0152,151
msp_0153,152
msp_0154,153
msp_0155,154
msp_0156,155
msp_0157,156
msp_0158,157
msp_0159,158
msp_0160,159
msp_0161,160
msp_0162,161
msp_0163,162
msp_0164,163
msp_0165,164
msp_0166,165
msp_0167c,166
msp_0168,167
msp_0169,168
msp_0170,169
msp_0171,170
msp_0172,171
msp_0173,172
msp_0174,173
msp_0175,174
msp_0176,175
msp_0177,176
msp_0178,177
msp_0179,178
msp_0180,179
msp_0181,180
msp_0182,181
msp_0183,182
msp_0184,183
msp_0185,184
msp_0186,185
msp_0187,186
msp_0188,187
msp_0189,188
msp_0190,189
msp_0191,190
msp_0192,191
msp_0193,192
msp_0194,193
msp_0195,194
msp_0196,195
msp_0197,196
msp_0198,197
msp_0199,198
msp_0200,199
msp_0201,200
msp_0202,201
msp_0203,202
msp_0204,203
msp_0205,204
msp_0206,205
msp_0207,206
msp_0208,207
msp_0209,208
msp_0210,209
msp_0211,210
msp_0212,211
msp_0213,212
msp_0214,213
msp_0215,214
msp_0216,215
msp_0217,216
msp_0218,217
msp_0219,218
msp_0220,219
msp_0221,220
msp_0222,221
msp_0223,222
msp_0224,223
msp_0225,224
msp_0226,225
msp_0227,226
msp_0228,227
msp_0229,228
msp_0230,229
msp_0231,230
msp_0232,231
msp_0233,232
msp_0234,233
msp_0235,234
msp_0236,235
msp_0237,236
msp_0238,237
msp_0239,238
msp_0240,239
msp_0241,240
msp_0242,241
msp_0243,242
msp_0244,243
msp_0245,244
msp_0246,245
msp_0247,246
msp_0248,247
msp_0249,248
msp_0250,249
msp_0251,250
msp_0252,251
msp_0253,252
msp_0254,253
msp_0255,254
msp_0256,255
msp_0257,256
msp_0258,257
msp_0259,258
msp_0260,259
msp_0261,260
msp_0262,261
msp_0263,262
msp_0264,263
msp_0265,264
msp_0266,265
msp_0267,266
msp_0268,267
msp_0269,268
msp_0270,269
msp_0271,270
msp_0272,271
msp_0273,272
msp_0274,273
msp_0275,274
msp_0276,275
msp_0277,276
msp_0278,277
msp_0279,278
msp_0280,279
msp_0281,280
msp_0282,281
msp_0285,282
msp_0286,283
msp_0287,284
msp_0288,285
msp_0289,286
msp_0290,287
msp_0291,288
msp_0292,289
msp_0293,290
msp_0294,291
msp_0295,292
msp_0296,293
msp_0297,294
msp_0298,295
msp_0299,296
msp_0300,297
msp_0301,298
msp_0302,299
msp_0303,300
msp_0304,301
msp_0305,302
msp_0306,303
msp_0307,304
msp_0308,305
msp_0309,306
msp_0310,307
msp_0311,308
msp_0312,309
msp_0313,310
msp_0314,311
msp_0315,312
msp_0316,313
msp_0317,314
msp_0318,315
msp_0319,316
msp_0320,317
msp_0321,318
msp_0322,319
msp_0323,320
msp_0324,321
msp_0325,322
msp_0326,323
msp_0327,324
msp_0328,325
msp_0329,326
msp_0330,327
msp_0331,328
msp_0332,329
msp_0333,330
msp_0334,331
msp_0335,332
msp_0336,333
msp_0337,334
msp_0338,335
msp_0339,336
msp_0340,337
msp_0341,338
msp_0342,339
msp_0343,340
msp_0344,341
msp_0345,342
msp_0346,343
msp_0347,344
msp_0348,345
msp_0349,346
msp_0350,347
msp_0351,348
msp_0352,349
msp_0353,350
msp_0354,351
msp_0355,352
msp_0356,353
msp_0357,354
msp_0358,355
msp_0359,356
msp_0360,357
msp_0361,358
msp_0362,359
msp_0363,360
msp_0364,361
msp_0365,362
msp_0366,363
msp_0367,364
msp_0368c,365
msp_0369,366
msp_0370,367
msp_0371,368
msp_0372,369
msp_0373,370
msp_0374,371
msp_0375,372
msp_0376,373
msp_0377,374
msp_0378,375
msp_0379,376
msp_0380,377
msp_0381,378
msp_0382,379
msp_0383,380
msp_0384,381
msp_0385,382
msp_0386,383
msp_0387,384
msp_0388,385
msp_0389,386
msp_0390,387
msp_0391,388
msp_0392,389
msp_0393,390
msp_0394,391
msp_0395,392
msp_0396,393
msp_0397,394
msp_0398,395
msp_0399,396
msp_0400,397
msp_0401,398
msp_0402,399
msp_0403,400
msp_0404,401
msp_0405,402
msp_0406,403
msp_0407,404
msp_0408,405
msp_0409,406
msp_0410,407
msp_0411,408
msp_0412,409
msp_0413,410
msp_0414,411
msp_0415,412
msp_0416,413
msp_0417,414
msp_0418,415
msp_0419,416
msp_0420,417
msp_0421,418
msp_0422,419
msp_0423,420
msp_0424,421
msp_0425,422
msp_0426,423
msp_0427,424
msp_0428,425
msp_0429,426
msp_0430,427
msp_0431,428
msp_0432,429
msp_0433,430
msp_0434,431
msp_0435,432
msp_0436,433
msp_0437c,434
msp_0438,435
msp_0439,436
msp_0440,437
msp_0441,438
msp_0442,439
msp_0443,440
msp_0444,441
msp_0445,442
msp_0446c,443
msp_0447,444
msp_0448,445
msp_0449,446
msp_0450,447
msp_0451,448
msp_0452,449
msp_0453,450
msp_0454,451
msp_0455,452
msp_0456,453
msp_0457,454
msp_0458,455
msp_0459,456
msp_0460,457
msp_0461,458
msp_0462,459
msp_0463,460
msp_0464,461
msp_0465,462
msp_0466,463
msp_0467,464
msp_0468,465
msp_0469c,466
msp_0470,467
msp_0471,468
msp_0472,469
msp_0473c,470
msp_0474,471
msp_0475,472
msp_0476,473
msp_0477,474
msp_0478,475
msp_0479,476
msp_0480,477
msp_0481,478
msp_0482,479
msp_0483,480
msp_0484,481
msp_0485,482
msp_0486,483
msp_0487,484
msp_0488,485
msp_0489,486
msp_0490,487
msp_0491,488
msp_0492,489
msp_0493,490
msp_0494,491
msp_0495,492
msp_0496,493
msp_0497,494
msp_0498,495
msp_0499,496
msp_0500,497
msp_0501,498
msp_0502,499
msp_0503,500
msp_0504,501
msp_0505,502
msp_0506,503
msp_0507,504
msp_0508,505
msp_0509,506
msp_0510,507
msp_0511,508
msp_0512,509
msp_0513,510
msp_0514,511
msp_0515,512
msp_0516,513
msp_0517,514
msp_0518,515
msp_0519,516
msp_0520c,517
msp_0521,518
msp_0522,519
msp_0523,520
msp_0524,521
msp_0525,522
msp_0526,523
msp_0527,524
msp_0528,525
msp_0529,526
msp_0530,527
msp_0531,528
msp_0532,529
msp_0533,530
msp_0534,531
msp_0535,532
msp_0536,533
msp_0537,534
msp_0538,535
msp_0539,536
msp_0540,537
msp_0541,538
msp_0542,539
msp_0543c,540
msp_0544c,541
msp_0545,542
msp_0546,543
msp_0547,544
msp_0548,545
msp_0549,546
msp_0550,547
msp_0551,548
msp_0552,549
msp_0553,550
msp_0554,551
msp_0555,552
msp_0556,553
msp_0557,554
msp_0558,555
msp_0559,556
msp_0560,557
msp_0561,558
msp_0562,559
msp_0563,560
msp_0564,561
msp_0565,562
msp_0566,563
msp_0567,564
msp_0568,565
msp_0569,566
msp_0570,567
msp_0571,568
msp_0572,569
msp_0573,570
msp_0574c,571
msp_0575,572
msp_0576,573
msp_0577,574
msp_0578,575
msp_0579,576
msp_0580,577
msp_0581,578
msp_0582,579
msp_0583,580
msp_0584,581
msp_0585,582
msp_0586,583
msp_0587,584
msp_0588,585
msp_0589c,586
msp_0590,587
msp_0591,588
msp_0592,589
msp_0593,590
msp_0594,591
msp_0595,592
msp_0596,593
msp_0597,594
msp_0598,595
msp_0599,596
msp_0600c,597
msp_0601c,598
msp_0602c,599
msp_0603c,600
msp_0604,601
msp_0605,602
msp_0606,603
msp_0607,604
msp_0608,605
msp_0609,606
msp_0610,607
msp_0611,608
msp_0612,609
msp_0613,610
msp_0614,611
msp_0615,612
msp_0616,613
msp_0617,614
msp_0618,615
msp_0619,616
msp_0620,617
msp_0621,618
msp_0622,619
msp_0623,620
msp_0624,621
msp_0625,622
msp_0626,623
msp_0627,624
msp_0628,625
msp_0629,626
msp_0630,627
msp_0631,628
msp_0632,629
msp_0633,630
msp_0634,631
msp_0635,632
msp_0636,633
msp_0637,634
msp_0638,635
msp_0639,636
msp_0640,637
msp_0641,638
msp_0642,639
msp_0643,640
msp_0644,641
msp_0645,642
msp_0646,643
msp_0647,644
msp_0648,645
msp_0649,646
msp_0650,647
msp_0651,648
msp_0652,649
msp_0653,650
msp_0654,651
msp_0655,652
msp_0656,653
msp_0657,654
msp_0658,655
msp_0659,656
msp_0660,657
msp_0662,658
msp_0663,659
msp_0664,660
msp_0665,661
msp_0666,662
msp_0667,663
msp_0668,664
msp_0669,665
msp_0670,666
msp_0671,667
msp_0672,668
msp_0673,669
msp_0674,670
msp_0675,671
msp_0676,672
msp_0677c,673
msp_0678,674
msp_0679,675
msp_0680c,676
msp_0681,677
msp_0682,678
msp_0683,679
msp_0684,680
msp_0685,681
msp_0686,682
msp_0687,683
msp_0688,684
msp_0689,685
msp_0690,686
msp_0691,687
msp_0692,688
msp_0693,689
msp_0694,690
msp_0695,691
msp_0696,692
msp_0697,693
msp_0698,694
msp_0699,695
msp_0700,696
msp_0701,697
msp_0702,698
msp_0703,699
msp_0704,700
msp_0705,701
msp_0706,702
msp_0707,703
msp_0708,704
msp_0709,705
msp_0710,706
msp_0711c,707
msp_0712,708
msp_0713,709
msp_0714c,710
msp_0715c,711
msp_0716,712
msp_0717,713
msp_0718,714
msp_0719,715
msp_0720,716
msp_0721,717
msp_0722,718
msp_0723,719
msp_0724,720
msp_0725,721
msp_0726,722
msp_0727,723
msp_0728,724
msp_0729,725
msp_0730,726
msp_0732,727
msp_0733,728
msp_0734,729
msp_0735,730
msp_0736c,731
msp_0737,732
msp_0738,733
msp_0739c,734
msp_0740,735
msp_0741,736
msp_0742,737
msp_0743,738
msp_0744,739
msp_0745,740
msp_0746,741
msp_0747,742
msp_0748,743
msp_0749,744
msp_0750,745
msp_0751,746
msp_0752,747
msp_0753,748
msp_0754c,749
msp_0755c,750
msp_0756,751
msp_0757,752
msp_0758,753
msp_0759,754
msp_0760,755
msp_0761,756
msp_0762,757
msp_0763,758
msp_0764,759
msp_0765,760
msp_0766,761
msp_0767,762
msp_0768,763
msp_0769,764
msp_0770,765
msp_0771,766
msp_0772,767
msp_0773,768
msp_0774,769
msp_0775,770
msp_0776,771
msp_0777,772
msp_0778,773
msp_0779,774
msp_0780,775
msp_0781,776
msp_0782,777
msp_0783,778
msp_0784,779
msp_0785,780
msp_0786,781
msp_0787,782
msp_0788,783
msp_0789,784
msp_0790,785
msp_0791,786
msp_0792,787
msp_0793,788
msp_0794,789
msp_0795,790
msp_0796,791
msp_0797,792
msp_0798,793
msp_0799,794
msp_0800,795
msp_0801,796
msp_0802,797
msp_0803,798
msp_0804,799
msp_0805,800
msp_0806,801
msp_0807,802
msp_0808,803
msp_0809,804
msp_0810,805
msp_0811,806
msp_0812,807
msp_0813,808
msp_0814,809
msp_0815,810
msp_0816c,811
msp_0817,812
msp_0818,813
msp_0819,814
msp_0820,815
msp_0821,816
msp_0822,817
msp_0823,818
msp_0824,819
msp_0825,820
msp_0826,821
msp_0827,822
msp_0828,823
msp_0829,824
msp_0830,825
msp_0831,826
msp_0832,827
msp_0833,828
msp_0834,829
msp_0835,830
msp_0836,831
msp_0837,832
msp_0838,833
msp_0839,834
msp_0840,835
msp_0841,836
msp_0842,837
msp_0843,838
msp_0844c,839
msp_0845,840
msp_0846,841
msp_0847,842
msp_0848,843
msp_0849,844
msp_0850,845
msp_0851,846
msp_0852,847
msp_0853c,848
msp_0854,849
msp_0855,850
msp_0856,851
msp_0857,852
msp_0858,853
msp_0859,854
msp_0860,855
msp_0861,856
msp_0862,857
msp_0863,858
msp_0864,859
msp_0865,860
msp_0866c,861
msp_0867,862
msp_0868,863
msp_0869,864
msp_0870,865
msp_0871,866
msp_0872,867
msp_0873,868
msp_0874,869
msp_0875,870
msp_0876,871
msp_0877,872
msp_0878,873
msp_0879,874
msp_0880,875
msp_0881,876
msp_0882c,877
msp_0883,878
msp_0884,879
msp_0885,880
msp_0886,881
msp_0887,882
msp_0888,883
msp_0889,884
msp_0890c,885
msp_0891,886
msp_0892,887
msp_0893,888
msp_0894,889
msp_0895,890
msp_0896,891
msp_0897,892
msp_0898,893
msp_0899,894
msp_0900,895
msp_0901,896
msp_0902,897
msp_0903,898
msp_0904,899
msp_0905c,900
msp_0906,901
msp_0907,902
msp_0908,903
msp_0909,904
msp_0910,905
msp_0911,906
msp_0912,907
msp_0913,908
msp_0914,909
msp_0915c,910
msp_0916,911
msp_0917,912
msp_0918,913
msp_0919,914
msp_0920,915
msp_0921,916
msp_0922,917
msp_0923,918
msp_0924,919
msp_0925,920
msp_0926,921
msp_0927,922
msp_0928,923
msp_0929,924
msp_0930,925
msp_0931,926
msp_0932,927
msp_0933,928
msp_0934,929
msp_0935,930
msp_0936c,931
msp_0937,932
msp_0938,933
msp_0939,934
msp_0940,935
msp_0941,936
msp_0942,937
msp_0943,938
msp_0944,939
msp_0945,940
msp_0946,941
msp_0947,942
msp_0948,943
msp_0949,944
msp_0950c,945
msp_0951,946
msp_0952,947
msp_0953,948
msp_0954,949
msp_0955,950
msp_0956,951
msp_0957,952
msp_0958,953
msp_0959,954
msp_0960,955
msp_0961,956
msp_0962,957
msp_0963c,958
msp_0964,959
msp_0965,960
msp_0966,961
msp_0967,962
msp_0968c,963
msp_0969,964
msp_0970,965
msp_0971,966
msp_0972,967
msp_0973,968
msp_0974c,969
msp_0975,970
msp_0976,971
msp_0977,972
msp_0978,973
msp_0979,974
msp_0980,975
msp_0981,976
msp_0982,977
msp_0983,978
msp_0984,979
msp_0985,980
msp_0986,981
msp_0987,982
msp_0988,983
msp_0989,984
msp_0990,985
msp_0991,986
msp_0992,987
msp_0993,988
msp_0994,989
msp_0995,990
msp_0996,991
msp_0997,992
msp_0998,993
msp_0999,994
msp_1000,995
msp_1001,996
msp_1002,997
msp_1003,998
msp_1004,999
msp_1005,1000
msp_1006,1001
msp_1007,1002
msp_1008,1003
msp_1009,1004
msp_1010,1005
msp_1011,1006
msp_1012,1007
msp_1013,1008
msp_1014,1009
msp_1016,1010
msp_1017,1011
msp_1018,1012
msp_1019,1013
msp_1020,1014
msp_1021,1015
msp_1022,1016
msp_1023,1017
msp_1024,1018
msp_1025,1019
msp_1026,1020
msp_1027,1021
msp_1028c,1022
msp_1029,1023
msp_1030,1024
msp_1031,1025
msp_1032,1026
msp_1033,1027
msp_1034,1028
msp_1035,1029
msp_1036,1030
msp_1037,1031
msp_1038,1032
msp_1039,1033
msp_1040c,1034
msp_1041,1035
msp_1042,1036
msp_1043,1037
msp_1044,1038
msp_1045,1039
msp_1046,1040
msp_1047,1041
msp_1048,1042
msp_1049,1043
msp_1050,1044
msp_1051,1045
msp_1052,1046
msp_1053,1047
msp_1054,1048
msp_1055,1049
msp_1056,1050
msp_1057c,1051
msp_1058c,1052
msp_1059c,1053
msp_1060c,1054
msp_1061c,1055
msp_1062,1056
msp_1063c,1057
msp_1064,1058
msp_1065,1059
msp_1066,1060
msp_1067,1061
msp_1068,1062
msp_1069,1063
msp_1070,1064
msp_1071,1065
msp_1072,1066
msp_1073,1067
msp_1074,1068
msp_1075,1069
msp_1076,1070
msp_1077,1071
msp_1078,1072
msp_1079,1073
msp_1081,1074
msp_1082,1075
msp_1083,1076
msp_1084,1077
msp_1085,1078
msp_1086,1079
msp_1087,1080
msp_1088,1081
msp_1089,1082
msp_1090,1083
msp_1091,1084
msp_1092,1085
msp_1093,1086
msp_1094,1087
msp_1095,1088
msp_1096,1089
msp_1097,1090
msp_1098,1091
msp_1099c,1092
msp_1100,1093
msp_1101,1094
msp_1102,1095
msp_1103,1096
msp_1104,1097
msp_1105,1098
msp_1106,1099
msp_1107,1100
msp_1108,1101
msp_1109,1102
msp_1110,1103
msp_1111,1104
msp_1112,1105
msp_1113c,1106
msp_1114,1107
msp_1115,1108
msp_1116,1109
msp_1117,1110
msp_1118,1111
msp_1120,1112
msp_1121,1113
msp_1122,1114
msp_1123,1115
msp_1124,1116
msp_1125,1117
msp_1126,1118
msp_1127,1119
msp_1128,1120
msp_1129,1121
msp_1130,1122
msp_1131,1123
msp_1132,1124
msp_1133,1125
msp_1134,1126
msp_1135,1127
msp_1136,1128
msp_1137,1129
msp_1138,1130
msp_1139,1131
msp_1140,1132
msp_1141,1133
msp_1142,1134
msp_1143,1135
msp_1144c,1136
msp_1145,1137
msp_1146,1138
msp_1147,1139
msp_1148,1140
msp_1149,1141
msp_1150,1142
msp_1151,1143
msp_1152,1144
msp_1153,1145
msp_1154,1146
msp_1155,1147
msp_1156,1148
msp_1157,1149
msp_1158,1150
msp_1159,1151
msp_1160,1152
msp_1161,1153
msp_1162,1154
msp_1163,1155
msp_1164,1156
msp_1165,1157
msp_1166,1158
msp_1167,1159
msp_1168,1160
msp_1169c,1161
msp_1170,1162
msp_1171,1163
msp_1172,1164
msp_1173c,1165
msp_1174,1166
msp_1175,1167
msp_1176,1168
msp_1177,1169
msp_1178,1170
msp_1179,1171
msp_1180,1172
msp_1181,1173
msp_1182,1174
msp_1183,1175
msp_1184,1176
msp_1185,1177
msp_1186,1178
msp_1187,1179
msp_1188,1180
msp_1189,1181
msp_1190c,1182
msp_1191c,1183
msp_1192,1184
msp_1193,1185
msp_1194,1186
msp_1195,1187
msp_1196,1188
msp_1197,1189
msp_1198,1190
msp_1199,1191
msp_1200,1192
msp_1201,1193
msp_1202,1194
msp_1203,1195
msp_1204,1196
msp_1205,1197
msp_1206,1198
msp_1207,1199
msp_1208,1200
msp_1209,1201
msp_1210,1202
msp_1211,1203
msp_1212,1204
msp_1213,1205
msp_1214,1206
msp_1215,1207
msp_1216,1208
msp_1217,1209
msp_1218,1210
msp_1219,1211
msp_1220,1212
msp_1221,1213
msp_1222,1214
msp_1223c,1215
msp_1225,1216
msp_1226,1217
msp_1227c,1218
msp_1228,1219
msp_1229,1220
msp_1230,1221
msp_1231,1222
msp_1232,1223
msp_1233,1224
msp_1234,1225
msp_1235,1226
msp_1236,1227
msp_1237,1228
msp_1238,1229
msp_1239,1230
msp_1240,1231
msp_1241,1232
msp_1242,1233
msp_1243,1234
msp_1244,1235
msp_1245,1236
msp_1246,1237
msp_1247,1238
msp_1248,1239
msp_1249,1240
msp_1250,1241
msp_1251,1242
msp_1252,1243
msp_1253,1244
msp_1254,1245
msp_1255,1246
msp_1256,1247
msp_1257,1248
msp_1258,1249
msp_1259c,1250
msp_1260,1251
msp_1261,1252
msp_1262,1253
msp_1263c,1254
msp_1264c,1255
msp_1265,1256
msp_1266,1257
msp_1267,1258
msp_1268,1259
msp_1269,1260
msp_1270,1261
msp_1271,1262
msp_1272,1263
msp_1273,1264
msp_1274,1265
msp_1275,1266
msp_1276,1267
msp_1277,1268
msp_1278,1269
msp_1279,1270
msp_1280,1271
msp_1281,1272
msp_1282,1273
msp_1283,1274
msp_1284,1275
msp_1285,1276
msp_1286,1277
msp_1287,1278
msp_1288,1279
msp_1290,1280
msp_1291,1281
msp_1292,1282
msp_1293,1283
msp_1294,1284
msp_1295,1285
msp_1296c,1286
msp_1297,1287
msp_1298,1288
msp_1299,1289
msp_1300c,1290
msp_1301,1291
msp_1302,1292
msp_1303,1293
msp_1304,1294
msp_1305,1295
msp_1306c,1296
msp_1307,1297
msp_1308,1298
msp_1309,1299
msp_1310,1300
msp_1311,1301
msp_1312,1302
msp_1313,1303
msp_1314,1304
msp_1315,1305
msp_1316,1306
msp_1317,1307
msp_1318,1308
msp_1319,1309
msp_1320c,1310
msp_1321c,1311
msp_1322,1312
msp_1323,1313
msp_1324,1314
msp_1325,1315
msp_1326,1316
msp_1327,1317
msp_1328,1318
msp_1329,1319
msp_1330,1320
msp_1331,1321
msp_1332,1322
msp_1333,1323
msp_1334,1324
msp_1335,1325
msp_1336,1326
msp_1337c,1327
msp_1338,1328
msp_1339,1329
msp_1340,1330
msp_1341,1331
msp_1342,1332
msp_1343,1333
msp_1344c,1334
msp_1345c,1335
msp_1346c,1336
msp_1347c,1337
msp_1348,1338
msp_1349,1339
msp_1350,1340
msp_1351,1341
msp_1352,1342
msp_1353,1343
msp_1354,1344
msp_1355,1345
msp_1356,1346
msp_1357,1347
msp_1358,1348
msp_1359,1349
msp_1360,1350
msp_1361,1351
msp_1362,1352
msp_1363,1353
msp_1364,1354
msp_1365,1355
msp_1366,1356
msp_1367,1357
msp_1368,1358
msp_1369,1359
msp_1370,1360
msp_1371,1361
msp_1372,1362
msp_1373,1363
msp_1374,1364
msp_1375,1365
msp_1376,1366
msp_1377,1367
msp_1378,1368
msp_1379,1369
msp_1380,1370
msp_1381,1371
msp_1382,1372
msp_1383c,1373
msp_1384,1374
msp_1385,1375
msp_1386,1376
msp_1387,1377
msp_1388,1378
msp_1389,1379
msp_1390,1380
msp_1391,1381
msp_1392,1382
msp_1393,1383
msp_1394,1384
msp_1395,1385
msp_1396c,1386
msp_1397c,1387
msp_1398,1388
msp_1399,1389
msp_1400,1390
msp_1401c,1391
msp_1402,1392
msp_1403,1393
msp_1404,1394
msp_1405,1395
msp_1406,1396
msp_1407,1397
msp_1408,1398
msp_1409,1399
msp_1410,1400
msp_1412,1401
msp_1413,1402
msp_1414,1403
msp_1415,1404
msp_1416,1405
msp_1417,1406
msp_1418c,1407
msp_1419,1408
msp_1420,1409
msp_1421,1410
msp_1422,1411
msp_1423,1412
msp_1424,1413
msp_1425,1414
msp_1426,1415
msp_1427,1416
msp_1428,1417
msp_1429,1418
msp_1430,1419
msp_1431,1420
msp_1432,1421
msp_1433,1422
msp_1434,1423
msp_1435,1424
msp_1436,1425
msp_1437,1426
msp_1438,1427
msp_1439,1428
msp_1440,1429
msp_1441c,1430
msp_1442,1431
msp_1443,1432
msp_1444,1433
msp_1446,1434
msp_1447,1435
msp_1448,1436
msp_1449,1437
msp_1450,1438
msp_1451,1439
msp_1452,1440
msp_1453,1441
msp_1454,1442
msp_1455,1443
msp_1456c,1444
msp_1457,1445
msp_1458,1446
msp_1459,1447
msp_1460,1448
msp_1461,1449
msp_1462,1450
msp_1463,1451
msp_1464,1452
msp_1465,1453
msp_1466,1454
msp_1467,1455
msp_1468,1456
msp_1469,1457
msp_1471c,1458
msp_1472c,1459
msp_1473c,1460
msp_1474,1461
msp_1475,1462
msp_1476,1463
msp_1477,1464
msp_1478,1465
msp_1479,1466
msp_1481,1467
msp_1482,1468
msp_1483,1469
msp_1484,1470
msp_1485,1471
msp_1486,1472
msp_1487,1473
msp_1488,1474
msp_1489c,1475
msp_1490,1476
msp_1491,1477
msp_1492,1478
msp_1493,1479
msp_1494c,1480
msp_1495,1481
msp_1496,1482
msp_1497,1483
msp_1498,1484
msp_1499,1485
msp_1500,1486
msp_1501,1487
msp_1502,1488
msp_1503c,1489
msp_1504,1490
msp_1505,1491
msp_1506,1492
msp_1507,1493
msp_1508,1494
msp_1509,1495
msp_1510c,1496
msp_1511c,1497
msp_1512,1498
msp_1513,1499
msp_1514,1500
msp_1515,1501
msp_1516,1502
msp_1517,1503
msp_1518,1504
msp_1519,1505
msp_1520,1506
msp_1521,1507
msp_1522,1508
msp_1523,1509
msp_1524,1510
msp_1525,1511
msp_1526,1512
msp_1527,1513
msp_1528,1514
msp_1529,1515
msp_1530c,1516
msp_1531c,1517
msp_1532,1518
msp_1533,1519
msp_1535,1520
msp_1536,1521
msp_1538,1522
msp_1539,1523
msp_1540,1524
msp_1541,1525
msp_1542,1526
msp_1543,1527
msp_1545,1528
msp_1546,1529
msp_1547c,1530
msp_1548,1531
msp_1549,1532
msp_1550,1533
msp_1551,1534
msp_1552,1535
msp_1553,1536
msp_1554c,1537
msp_1555c,1538
msp_1556,1539
msp_1557,1540
msp_1558,1541
msp_1559c,1542
msp_1560,1543
msp_1561,1544
msp_1562,1545
msp_1564,1546
msp_1565,1547
msp_1566,1548
msp_1567,1549
msp_1568,1550
msp_1570,1551
msp_1571c,1552
msp_1572,1553
msp_1573,1554
msp_1574,1555
msp_1575,1556
msp_1576,1557
msp_1577,1558
msp_1578c,1559
msp_1579c,1560
msp_1580c,1561
msp_1581,1562
msp_1582,1563
msp_1583,1564
msp_1584,1565
msp_1586,1566
msp_1587,1567
msp_1588,1568
msp_1589,1569
msp_1590c,1570
msp_1591,1571
msp_1592,1572
msp_1594,1573
msp_1595,1574
msp_1596,1575
msp_1597,1576
msp_1598,1577
msp_1599,1578
msp_1600,1579
msp_1601,1580
msp_1603c,1581
msp_1604,1582
msp_1605,1583
msp_1606c,1584
msp_1607c,1585
msp_1608c,1586
msp_1609c,1587
msp_1610,1588
msp_1611,1589
msp_1612,1590
msp_1613,1591
msp_1614,1592
msp_1616,1593
msp_1617,1594
msp_1618,1595
msp_1621,1596
msp_1622,1597
msp_1623,1598
msp_1624,1599
msp_1625,1600
msp_1626,1601
msp_1627,1602
msp_1628,1603
msp_1629,1604
msp_1631,1605
msp_1632,1606
msp_1633,1607
msp_1634,1608
msp_1635,1609
msp_1636,1610
msp_1637,1611
msp_1638,1612
msp_1639,1613
msp_1640,1614
msp_1641,1615
msp_1643c,1616
msp_1644,1617
msp_1646,1618
msp_1647,1619
msp_1648,1620
msp_1649,1621
msp_1650,1622
msp_1652,1623
msp_1653,1624
msp_1654,1625
msp_1655c,1626
msp_1656,1627
msp_1657,1628
msp_1658,1629
msp_1659c,1630
msp_1660,1631
msp_1661,1632
msp_1662,1633
msp_1663,1634
msp_1664,1635
msp_1665,1636
msp_1666,1637
msp_1667,1638
msp_1668,1639
msp_1669,1640
msp_1670,1641
msp_1671c,1642
msp_1672,1643
msp_1673,1644
msp_1674,1645
msp_1675,1646
msp_1676,1647
msp_1677,1648
msp_1678,1649
msp_1679,1650
msp_1680,1651
msp_1682c,1652
msp_1683,1653
msp_1684,1654
msp_1686,1655
msp_1687,1656
msp_1688,1657
msp_1689,1658
msp_1690,1659
msp_1691,1660
msp_1692,1661
msp_1693,1662
msp_1695,1663
msp_1696c,1664
msp_1697,1665
msp_1698,1666
msp_1699,1667
msp_1700,1668
msp_1701c,1669
msp_1702,1670
msp_1703,1671
msp_1704c,1672
msp_1705,1673
msp_1706,1674
msp_1707,1675
msp_1708,1676
msp_1709,1677
msp_1710,1678
msp_1711,1679
msp_1712,1680
msp_1713,1681
msp_1714,1682
msp_1715,1683
msp_1716,1684
msp_1717,1685
msp_1718,1686
msp_1719,1687
msp_1720,1688
msp_1721,1689
msp_1723,1690
msp_1724,1691
msp_1725,1692
msp_1726,1693
msp_1727,1694
msp_1728,1695
msp_1729,1696
msp_1731,1697
msp_1732,1698
msp_1733,1699
msp_1735,1700
msp_1737,1701
msp_1738,1702
msp_1739,1703
msp_1740,1704
msp_1741,1705
msp_1742,1706
msp_1743,1707
msp_1744,1708
msp_1745,1709
msp_1746,1710
msp_1747,1711
msp_1748,1712
msp_1749,1713
msp_1750,1714
msp_1751,1715
msp_1754,1716
msp_1755,1717
msp_1757,1718
msp_1759,1719
msp_1760,1720
msp_1763,1721
msp_1766,1722
msp_1767,1723
msp_1768,1724
msp_1769,1725
msp_1770,1726
msp_1771,1727
msp_1772c,1728
msp_1773,1729
msp_1774,1730
msp_1775,1731
msp_1776c,1732
msp_1777,1733
msp_1778,1734
msp_1779c,1735
msp_1780c,1736
msp_1782,1737
msp_1783,1738
msp_1784,1739
msp_1785,1740
msp_1786,1741
msp_1787,1742
msp_1788,1743
msp_1789,1744
msp_1790,1745
msp_1793,1746
msp_1794,1747
msp_1799,1748
msp_1801,1749
msp_1802,1750
msp_1805,1751
msp_1808,1752
msp_1810,1753
msp_1814,1754
msp_1815,1755
msp_1816,1756
msp_1817,1757
msp_1818,1758
msp_1819,1759
msp_1820,1760
msp_1821,1761
msp_1822,1762
msp_1823,1763
msp_1824,1764
msp_1826,1765
msp_1827,1766
msp_1828,1767
msp_1829,1768
msp_1830,1769
msp_1831,1770
msp_1833,1771
msp_1834,1772
msp_1835,1773
msp_1836,1774
msp_1837,1775
msp_1838,1776
msp_1839,1777
msp_1840,1778
msp_1841,1779
msp_1842,1780
msp_1843,1781
msp_1844,1782
msp_1845,1783
msp_1846,1784
msp_1847,1785
msp_1848,1786
msp_1849,1787
msp_1850,1788
msp_1851,1789
msp_1852,1790
msp_1853,1791
msp_1854,1792
msp_1855,1793
msp_1856,1794
msp_1857,1795
msp_1858,1796
msp_1859,1797
msp_1860,1798
msp_1861,1799
msp_1862,1800
msp_1863,1801
msp_1864,1802
msp_1865,1803
msp_1866,1804
msp_1867,1805
msp_1868,1806
msp_1869,1807
msp_1870,1808
msp_1871,1809
msp_1873,1810
msp_1874,1811
msp_1875,1812
msp_1876,1813
msp_1877,1814
msp_1878,1815
msp_1879,1816
msp_1880,1817
msp_1881,1818
msp_1882,1819
msp_1883,1820
msp_1884,1821
msp_1885,1822
msp_1886,1823
msp_1887,1824
msp_1888,1825
msp_1889,1826
msp_1890,1827
msp_1891,1828
msp_1892,1829
msp_1893,1830
msp_1894,1831
msp_1895,1832
msp_1896,1833
msp_1897,1834
msp_1898,1835
msp_1899,1836
msp_1900,1837
msp_1901,1838
msp_1902,1839
msp_1903,1840
msp_1904,1841
msp_1905,1842
msp_1906,1843
msp_1907,1844
msp_1908,1845
msp_1910,1846
msp_1911,1847
msp_1912,1848
msp_1913,1849
msp_1914,1850
msp_1915,1851
msp_1916,1852
msp_1917,1853
msp_1919,1854
msp_1920,1855
msp_1921,1856
msp_1922,1857
msp_1923,1858
msp_1924,1859
msp_1925,1860
msp_1926,1861
msp_1927,1862
msp_1928,1863
msp_1929,1864
msp_1930,1865
msp_1931,1866
msp_1932,1867
msp_1933,1868
msp_1934,1869
msp_1935,1870
msp_1936,1871
msp_1938,1872
msp_1939,1873
msp_1940,1874
msp_1941,1875
msp_1942,1876
msp_1943,1877
msp_1944,1878
msp_1945,1879
msp_1946,1880
msp_1947,1881
msp_1948,1882
msp_1949,1883
msp_1956,1884
msp_1958,1885
msp_1962,1886
msp_1964,1887
msp_1967,1888
msp_1968,1889
msp_1970,1890
msp_1971,1891
msp_1975,1892
msp_1976,1893
msp_1977,1894
msp_1978,1895
msp_1979,1896
msp_1980,1897
msp_1981,1898
msp_1982,1899
msp_1983,1900
msp_1984,1901
msp_1985,1902
msp_1986,1903
msp_1987,1904
msp_1988,1905
msp_1989,1906
msp_1990,1907
msp_1991,1908
msp_1992,1909
msp_1993,1910
msp_1994,1911
msp_1995,1912
msp_1996,1913
msp_1997,1914
msp_1998,1915
msp_1999,1916
msp_2000,1917
msp_2001,1918
msp_2002,1919
msp_2003,1920
msp_2004,1921
msp_2005,1922
msp_2006,1923
msp_2007,1924
msp_2009,1925
msp_2010,1926
msp_2011,1927
msp_2012,1928
msp_2013,1929
msp_2014,1930
msp_2015,1931
msp_2019,1932
msp_2020,1933
msp_2023,1934
msp_2025,1935
msp_2028,1936
msp_2029,1937
msp_2032,1938
msp_2033,1939
msp_2036,1940
msp_2039,1941
msp_2042,1942
msp_2046,1943
msp_2048,1944
msp_2050,1945
msp_2053,1946
msp_2054,1947
msp_2056,1948
msp_2058,1949
msp_2060,1950
msp_2062,1951
msp_2063,1952
msp_2066,1953
msp_2068,1954
msp_2070,1955
msp_2074,1956
msp_2076,1957
msp_2078,1958
msp_2088,1959
msp_2090,1960
msp_2101,1961
msp_2107,1962
msp_2110,1963
msp_2111,1964
msp_2127,1965
msp_2130,1966
msp_2133,1967
msp_2134,1968
msp_2140,1969
msp_2141,1970
msp_2142,1971
msp_2151,1972
msp_2152,1973
msp_2155,1974
msp_2159,1975
msp_2161,1976
msp_2165,1977
msp_2168,1978
msp_2169,1979
msp_2176,1980
msp_2178,1981
msp_2180,1982
msp_2191,1983
msp_2195,1984
msp_2196,1985
msp_2207,1986
msp_2209,1987
msp_2210,1988
msp_2211,1989
